property_title,bhk_type,carpet_area_sqft,price,price_per_sqft,locality,city,transaction_type,construction_status,url
"3 BHK Flat for Sale in Hebbal, Bangalore",Project by Embassy,Buy 3 BHK Flat for Sale in Hebbal Bangalore,₹,"₹18,000 per sqft",RERA Approval Expected Soon,Flexible Payment Plans Pre-Launch Discounts More Inventory Choices,Flexible Payment Plans,,https://www.magicbricks.com/project-by-embassy-hebbal-bangalore-pdpid-4d4235343434313333
"3 BHK Flat for Sale in Stage 2nd Banashankari, Bangalore",Vaishnavi At One Krishna Brindavan,Buy 3 BHK Flat for Sale in Stage 2nd Banashankari Bangalore,₹,"₹16,609 per sqft",Share Feedback,top-right,ico-share-feedback,,https://www.magicbricks.com/vaishnavi-at-one-krishna-brindavan-banashankari-stage-2-bangalore-pdpid-4d4235343338383431
"2 BHK Flat for Sale in Hoskote, Bangalore",Project by Sobha,Buy 2 BHK Flat for Sale in Hoskote Bangalore,₹,"₹14,839 per sqft",RERA Approval Expected Soon,Flexible Payment Plans Pre-Launch Discounts More Inventory Choices,Flexible Payment Plans,,https://www.magicbricks.com/project-by-sobha-hoskote-bangalore-pdpid-4d4235343435353939
"3 BHK Flat for Sale in Hebbal, Bangalore",L&T Raintree Boulevard,Buy 3 BHK Flat for Sale in Hebbal Bangalore,₹,"₹24,354 per sqft",Posted: Yesterday,"3 BHK Flat for Sale in Hebbal, Bangalore",ico-share,,https://www.magicbricks.com/l&t-raintree-boulevard-hebbal-bangalore-pdpid-4d4235303836313833
"3 BHK Flat for Sale in Yelahanka, Bangalore",Vajram Vivera,Buy 3 BHK Flat for Sale in Yelahanka Bangalore,₹,"₹13,700 per sqft",Posted: Yesterday,"3 BHK Flat for Sale in Yelahanka, Bangalore",ico-share,,https://www.magicbricks.com/vajram-vivera-yelahanka-bangalore-pdpid-4d4235343239303735
"3 BHK Flat for Sale in Yelahanka, Bangalore",Brigade Insignia,Buy 3 BHK Flat for Sale in Yelahanka Bangalore,₹,"₹17,291 per sqft","Posted: Mar 22, '26","3 BHK Flat for Sale in Yelahanka, Bangalore",ico-share,,https://www.magicbricks.com/brigade-insignia-yelahanka-bangalore-pdpid-4d4235343231333037
"3 BHK Flat for Sale in Hoskote, Bangalore",Godrej Parkshire,Buy 3 BHK Flat for Sale in Hoskote Bangalore,₹,"₹10,857 per sqft","Posted: Mar 19, '26",NEWLY LAUNCHED,"3 BHK Flat for Sale in Hoskote, Bangalore",,https://www.magicbricks.com/godrej-parkshire-hoskote-bangalore-pdpid-4d4235343337383731
"2 BHK Flat for Sale in Whitefield, Bangalore",SBR One Residence,Buy 2 BHK Flat for Sale in Whitefield Bangalore,₹,"₹14,046 per sqft","Posted: Mar 21, '26","2 BHK Flat for Sale in Whitefield, Bangalore",ico-share,,https://www.magicbricks.com/sbr-one-residence-whitefield-bangalore-pdpid-4d4235343235363637
"3 BHK Flat for Sale in Sarjapur Road, Bangalore",Nambiar District 25,Buy 3 BHK Flat for Sale in Sarjapur Road Bangalore,₹,"₹12,302 per sqft","Posted: Mar 23, '26","3 BHK Flat for Sale in Sarjapur Road, Bangalore",ico-share,,https://www.magicbricks.com/nambiar-district-25-sarjapur-road-bangalore-pdpid-4d4235343236323331
"3 BHK Flat for Sale in Pulikeshi Nagar, Bangalore",HM Grandeur,Buy 3 BHK Flat for Sale in Pulikeshi Nagar Bangalore,₹,"₹24,466 per sqft","Posted: Mar 23, '26","3 BHK Flat for Sale in Pulikeshi Nagar, Bangalore",ico-share,,https://www.magicbricks.com/hm-grandeur-frazer-town-bangalore-pdpid-4d4235303037323736
3 BHK Villa for Sale in Sarjapur Road Bangalore,NCC Urban Green Province,"Posted: Mar 19, '26",₹,"₹17,429 per sqft",ico-share,SUPER AREA 3309 sqft,super-area,,https://www.magicbricks.com/ncc-urban-green-province-sarjapur-road-bangalore-pdpid-4d4235303635363537
"3 BHK Flat for Sale in Electronic City, Bangalore",Purva Silversky,Buy 3 BHK Flat for Sale in Electronic City Bangalore,₹,"₹12,522 per sqft","Posted: Mar 23, '26",NEWLY LAUNCHED,"3 BHK Flat for Sale in Electronic City, Bangalore",,https://www.magicbricks.com/purva-silversky-electronic-city-bangalore-pdpid-4d4235343431343831
"3 BHK Flat for Sale in Sarjapur Road, Bangalore",Amberstone Ventara Residences,Buy 3 BHK Flat for Sale in Sarjapur Road Bangalore,₹,"₹9,573 per sqft","Posted: Mar 19, '26","3 BHK Flat for Sale in Sarjapur Road, Bangalore",ico-share,,https://www.magicbricks.com/amberstone-ventara-residences-sarjapur-road-bangalore-pdpid-4d4235343237363139
"3 BHK Flat for Sale in Electronic City, Bangalore",Pragathi Amber,Buy 3 BHK Flat for Sale in Electronic City Bangalore,₹,"₹7,333 per sqft",Posted: Yesterday,"3 BHK Flat for Sale in Electronic City, Bangalore",ico-share,,https://www.magicbricks.com/pragathi-amber-electronic-city-bangalore-pdpid-4d4235313131303231
"3 BHK Flat for Sale in Sarjapur Road, Bangalore",Abhee Celestial City,Buy 3 BHK Flat for Sale in Sarjapur Road Bangalore,₹,"₹10,214 per sqft","Posted: Mar 21, '26","3 BHK Flat for Sale in Sarjapur Road, Bangalore",ico-share,,https://www.magicbricks.com/abhee-celestial-city-sarjapur-road-bangalore-pdpid-4d4235343137383235
"3 BHK Flat for Sale in Bagaluru, Bangalore",Kumar Plumeria,Buy 3 BHK Flat for Sale in Bagaluru Bangalore,₹,"₹10,448 per sqft",Posted: Yesterday,"3 BHK Flat for Sale in Bagaluru, Bangalore",ico-share,,https://www.magicbricks.com/kumar-plumeria-bagaluru-bangalore-pdpid-4d4235343236383733
"2 BHK Flat for Sale in Krishnarajapura, Bangalore",Brigade Lakecrest,Buy 2 BHK Flat for Sale in Krishnarajapura Bangalore,₹,"₹12,203 per sqft","Posted: Mar 23, '26","2 BHK Flat for Sale in Krishnarajapura, Bangalore",ico-share,,https://www.magicbricks.com/brigade-lakecrest-k-r-puram-bangalore-pdpid-4d4235343334303237
"3 BHK Flat for Sale in Whitefield, Bangalore",Vrise The Loft,Buy 3 BHK Flat for Sale in Whitefield Bangalore,₹,"₹12,263 per sqft","Posted: Mar 22, '26",NEWLY LAUNCHED,"3 BHK Flat for Sale in Whitefield, Bangalore",,https://www.magicbricks.com/vrise-the-loft-whitefield-bangalore-pdpid-4d4235343435363133
"3 BHK Flat for Sale in Hsr Layout, Bangalore",Meenakshi Vrindavan,Buy 3 BHK Flat for Sale in Hsr Layout Bangalore,₹,"₹14,307 per sqft",Posted: Yesterday,"3 BHK Flat for Sale in Hsr Layout, Bangalore",ico-share,,https://www.magicbricks.com/meenakshi-vrindavan-hsr-layout-bangalore-pdpid-4d4235343132383437
"3 BHK Flat for Sale in Koramangala, Bangalore",Radiance Platinum,Buy 3 BHK Flat for Sale in Koramangala Bangalore,₹,"₹15,747 per sqft","Posted: Mar 23, '26","3 BHK Flat for Sale in Koramangala, Bangalore",ico-share,,https://www.magicbricks.com/radiance-platinum-koramangala-bangalore-pdpid-4d4235343233303037
"2 BHK Flat for Sale in Choodasandra, Bangalore",Adarsh Tropica,Buy 2 BHK Flat for Sale in Choodasandra Bangalore,₹,"₹12,246 per sqft","Posted: Mar 23, '26","2 BHK Flat for Sale in Choodasandra, Bangalore",ico-share,,https://www.magicbricks.com/adarsh-tropica-choodasandra-bangalore-pdpid-4d4235333732373937
"3 BHK Flat for Sale in Hoskote, Bangalore",Sowparnika Whispering Petals,Buy 3 BHK Flat for Sale in Hoskote Bangalore,₹,,Posted: Yesterday,NEWLY LAUNCHED,"3 BHK Flat for Sale in Hoskote, Bangalore",,https://www.magicbricks.com/sowparnika-whispering-petals-hoskote-bangalore-pdpid-4d4235343338353433
"3 BHK Flat for Sale in Devanahalli, Bangalore",Sattva City,Buy 3 BHK Flat for Sale in Devanahalli Bangalore,₹,"₹13,687 per sqft","Posted: Mar 23, '26",NEWLY LAUNCHED,"3 BHK Flat for Sale in Devanahalli, Bangalore",,https://www.magicbricks.com/sattva-city-devanahalli-bangalore-pdpid-4d4235343333303235
"2 BHK Flat for Sale in Budigere Cross, Bangalore",Sattva Songbird,Buy 2 BHK Flat for Sale in Budigere Cross Bangalore,₹,"₹12,856 per sqft",Posted: Yesterday,"2 BHK Flat for Sale in Budigere Cross, Bangalore",ico-share,,https://www.magicbricks.com/sattva-songbird-budigere-cross-bangalore-pdpid-4d4235343233373939
"3 BHK Flat for Sale in Varthur, Bangalore",Urban Poetry Of Earth,Buy 3 BHK Flat for Sale in Varthur Bangalore,₹,"₹10,500 per sqft",Posted: Yesterday,"3 BHK Flat for Sale in Varthur, Bangalore",ico-share,,https://www.magicbricks.com/urban-poetry-of-earth-varthur-bangalore-pdpid-4d4235343331373735
3 BHK Villa for Sale in Budigere Cross Bangalore,Chaithanya Samarth,"Posted: Mar 23, '26",₹,"₹24,286 per sqft",ico-share,SUPER AREA 3200 sqft,super-area,,https://www.magicbricks.com/chaithanya-samarth-budigere-cross-bangalore-pdpid-4d4235313030353631
"3 BHK Flat for Sale in Chandapura, Bangalore",Signature Heights,Buy 3 BHK Flat for Sale in Chandapura Bangalore,₹,"₹8,002 per sqft","Posted: Mar 21, '26","3 BHK Flat for Sale in Chandapura, Bangalore",ico-share,,https://www.magicbricks.com/signature-heights-chandapura-bangalore-pdpid-4d4235343234363233
"3 BHK Flat for Sale in Shanti Nagar, Bangalore",Heriitage Signature,Buy 3 BHK Flat for Sale in Shanti Nagar Bangalore,₹,"₹10,519 per sqft",Posted: Yesterday,"3 BHK Flat for Sale in Shanti Nagar, Bangalore",ico-share,,https://www.magicbricks.com/heriitage-signature-shanti-nagar-bangalore-pdpid-4d4235313236343739
"3 BHK Flat for Sale in Sarjapur Road, Bangalore",Sobha Royal Pavilion,Buy 3 BHK Flat for Sale in Sarjapur Road Bangalore,₹,"₹17,461 per sqft",Posted: Today,"3 BHK Flat for Sale in Sarjapur Road, Bangalore",ico-share,,https://www.magicbricks.com/sobha-royal-pavilion-sarjapur-road-bangalore-pdpid-4d4235313230373339
